gen_SELFIES,gen_SMILES,gen_qed,gen_sa,obj
[C][C][C][C][C][C][C][Ring1][=Branch1][N][C][=Branch1][C][=O][C][C][C][=Branch1][C][=O][N][Branch1][#Branch2][C][C][=C][C][=C][C][=N][Ring1][=Branch1][C][Ring1][=N],CC1CCCCC1NC(=O)C2CC(=O)N(CC3=CC=CC=N3)C2,0.9255855238185429,3.1104466141132505,1.517481004979464
[C][C][=C][C][=C][Branch2][Ring1][=N][C][=Branch1][C][=O][N][C][C][C][Branch1][#C][C][=N][NH1][C][Branch1][=Branch1][C][C][C][Ring1][Ring1][=N][Ring1][Branch2][C][C][Ring1][=C][C][=C][Ring2][Ring1][=Branch1],CC1=CC=C(C(=O)N2CCC(C3=N[NH1]C(C4CC4)=N3)CC2)C=C1,0.9476502785975172,2.2439320806661414,2.494319312321444
[C][C][C][C][C][C][N][Branch2][Ring1][N][C][=Branch1][C][=O][C][C][C][=Branch1][C][=O][N][Branch1][N][C][=C][C][=C][Branch1][C][F][C][=C][Ring1][#Branch1][C][Ring1][=N][C][Ring2][Ring1][Branch1],CCC1CCCN(C(=O)C2CC(=O)N(C3=CC=C(F)C=C3)C2)C1,0.8596785294192463,2.7880695576152608,1.5103230894809707
[C][C][C][C][C][C][C][Ring1][=Branch1][N][C][=Branch1][C][=O][C][C][=C][C][=C][C][=C][Ring1][=Branch1][F],CC1CCCCC1NC(=O)CC2=CC=CC=C2F,0.8760611210051734,2.5302783397666513,1.8500272652592162
[C][C][=C][C][=C][Branch2][Ring1][Branch1][C][=Branch1][C][=O][N][C][C][C][=C][C][=C][Branch1][C][N][C][=C][Ring1][#Branch1][Ring1][#Branch2][S][Ring2][Ring1][C],C1C=CC=C(C(=O)N2CCC3=CC=C(N)C=C32)S1,0.7864713890613907,3.160761875696057,0.7715950696108966
[C][C][C][C][C][C][N][C][=Branch1][C][=O][C][=C][C][=C][Branch1][C][F][C][=C][Ring1][#Branch1][C][#C][C][C][Ring1][=Branch1],CCCCCCNC(=O)C1=CC=C(F)C2=C1C#CCC2,0.6241365983897139,3.1843781435695746,-0.06369515162100514
[C][C][C][C][C][C][C][N][Ring1][=Branch1][C][=Branch1][C][=O][C][=C][C][Branch1][C][N][=C][C][=C][Ring1][#Branch1][Cl],CCC1CCCCN1C(=O)C2=CC(N)=CC=C2Cl,0.8349112836392091,2.427530804603581,1.7470256135924647
[C][O][C][=C][C][=C][Branch1][C][Br][C][=C][Ring1][#Branch1][Br],COC1=CC=C(Br)C=C1Br,0.7577781098003024,1.6011206487267948,2.187769900274717
[C][C][C][C][C][C][N][Ring1][=Branch1][C][=Branch1][C][=O][C][=C][C][=C][Branch1][=N][N][C][=Branch1][C][=O][C][=C][C][=C][O][Ring1][Branch1][C][=C][Ring1][=C],CC1CCCCN1C(=O)C2=CC=C(NC(=O)C3=CC=CO3)C=C2,0.9424907113038384,2.327182704033053,2.3852708524861397
[C][C][C][C][C][C][C][Ring1][=Branch1][N][C][=Branch1][C][=O][C][C][C][N][C][=Branch1][C][=O][C][C][C][Ring1][Ring1][C],CC1CCCCC1NC(=O)CCCNC(=O)C2CC2C,0.7330656389942829,3.1539559412552967,0.511372253716118
[C][C][C][N][C][=Branch1][C][=O][C][C][C][C][=C][C][=C][C][=C][Ring1][=Branch1][Br],CCCNC(=O)CCCC1=CC=CC=C1Br,0.8528831695097239,1.7602930907329455,2.504122756815674
[C][C][=Branch1][C][=O][N][C][C][C][C][C][C][=Branch1][C][=O][N][C][C][C][C][C][C][Ring1][=Branch1],CC(=O)NCCCCCC(=O)NC1CCCCC1,0.6837781246994602,1.8530199508787923,1.5658706726185088
[C][C][C][C][C][C][C][N][Ring1][=Branch1][C][=Branch1][C][=O][C][=C][C][=C][Branch1][C][O][C][Branch1][C][Cl][=C][Ring1][Branch2],CCC1CCCCN1C(=O)C2=CC=C(O)C(Cl)=C2,0.8915741426088518,2.404792650757427,2.053078062286832
[C][C][=C][C][=C][Branch2][Ring1][=Branch1][C][=Branch1][C][=O][N][C][C][C][C][=C][C][Branch1][C][Cl][=C][C][=C][Ring1][#Branch1][Ring1][O][C][=Branch1][C][=O][NH1][Ring2][Ring1][Ring2],CC1=CC=C(C(=O)N2CCCC3=CC(Cl)=CC=C32)C(=O)[NH1]1,0.8803399404079811,2.2620866452040076,2.1396130568358984
[C][C][C][C][C][C][N][Ring1][=Branch1][C][=Branch1][C][=O][C][=C][C][=C][C][Branch1][P][S][=Branch1][C][=O][=Branch1][C][=O][N][C][Branch1][C][C][Branch1][C][C][C][=C][Ring1][=C],CC1CCCCN1C(=O)C2=CC=CC(S(=O)(=O)NC(C)(C)C)=C2,0.9213852757223212,2.5325743575408364,2.0743520210707693
[C][C][=C][C][=C][C][Branch2][Ring1][#Branch2][C][=Branch1][C][=O][N][C][C][C][Branch1][N][O][C][C][=C][C][=C][C][=C][Ring1][=Branch1][F][C][C][Ring1][#C][=C][Ring2][Ring1][#Branch1],CC1=CC=CC(C(=O)N2CCC(OCC3=CC=CC=C3F)CC2)=C1,0.8506590921451682,1.9186040414482122,2.334691419277629
[C][C][=C][C][=C][Branch2][Ring1][=N][C][=Branch1][C][=O][N][C][C][C][C][Branch1][#C][C][=N][O][C][Branch1][=Branch1][C][Branch1][C][C][C][=N][Ring1][Branch2][C][Ring1][=C][C][=C][Ring2][Ring1][=Branch1],CC1=CC=C(C(=O)N2CCCC(C3=NOC(C(C)C)=N3)C2)C=C1,0.8696188226869268,2.6309704178576894,1.7171236955769444
[C][C][C][C][C][C][C][Ring1][=Branch1][N][C][=Branch1][C][=O][C][C][C][C][C][C][C][Ring1][=Branch1],CC1CCCCC1NC(=O)CC2CCCCC2,0.7972634996840605,2.678807785392742,1.3075097130275606
[C][C][=C][C][=C][Branch2][Ring1][=N][C][=Branch1][C][=O][N][C][C][C][C][Branch1][#C][C][=Branch1][C][=O][N][C][C][=C][C][=C][C][=C][Ring1][=Branch1][C][Ring1][S][C][=C][Ring2][Ring1][Branch2],CC1=CC=C(C(=O)N2CCCC(C(=O)NCC3=CC=CC=C3)C2)C=C1,0.9322237141513168,2.1203062301729236,2.54081234058366
[C][C][C][C][C][C][C][Ring1][=Branch1][N][C][=Branch1][C][=O][C][S][C][=N][C][=N][C][NH1][C][=N][C][Ring1][=Branch2][=Ring1][Branch1],CC1CCCCC1NC(=O)CSC2=NC=NC=3[NH1]C=NC2=3,0.667675340427589,3.3342412719860013,0.004135430151944064
[C][C][=C][C][=C][Branch2][Ring1][=Branch1][C][=Branch1][C][=O][N][C][C][C][C][=C][Branch1][C][Cl][C][=C][C][=C][Ring1][#Branch1][Ring1][#Branch2][C][=N][Ring2][Ring1][Ring1],CC1=CC=C(C(=O)NC2CCC3=C(Cl)C=CC=C32)C=N1,0.9184743721779489,2.555981619347234,2.0363902415425104
[C][C][=C][C][=C][Branch2][Ring1][=N][C][=Branch1][C][=O][N][C][C][C][C][Branch1][#C][C][=N][O][C][Branch1][=Branch1][C][Branch1][C][C][C][=N][Ring1][Branch2][C][Ring1][=C][C][=C][Ring2][Ring1][=Branch1],CC1=CC=C(C(=O)N2CCCC(C3=NOC(C(C)C)=N3)C2)C=C1,0.8696188226869268,2.6309704178576894,1.7171236955769444
[C][C][=C][C][=C][Branch2][Ring1][=Branch1][C][=Branch1][C][=O][N][C][C][C][C][Ring1][Branch1][C][=Branch1][C][=O][N][C][C][C][Ring1][Ring1][C][=C][Ring2][Ring1][Ring1],CC1=CC=C(C(=O)N2CCCC2C(=O)NC3CC3)C=C1,0.9130241839412879,2.214930679497609,2.35019024020883
[C][C][C][C][C][C][N][Ring1][=Branch1][C][=Branch1][C][=O][C][=C][C][=C][Branch1][N][N][C][C][C][Branch1][C][O][C][C][Ring1][#Branch1][C][=C][Ring1][=N],CC1CCCCN1C(=O)C2=CC=C(N3CCC(O)CC3)C=C2,0.913196296488523,2.432353900633588,2.1336275818090265
[C][C][=C][C][=C][Branch2][Ring1][=Branch1][C][=Branch1][C][=O][N][C][C][C][C][=C][Branch1][C][O][C][=C][C][=C][Ring1][#Branch1][Ring1][#Branch2][C][=C][Ring2][Ring1][Ring1],CC1=CC=C(C(=O)NC2CCC3=C(O)C=CC=C32)C=C1,0.8779649003903469,2.3346642104403514,2.055160291511383
[C][C][=C][C][=C][C][Branch2][Ring1][Ring2][O][C][C][N][C][=Branch1][C][=O][C][C][=C][C][=Branch1][C][=O][NH1][C][=Ring1][#Branch1][=C][Ring2][Ring1][Ring1],CC1=CC=CC(OCCNC(=O)C=2C=CC(=O)[NH1]C=2)=C1,0.8100807799018804,1.9382923136100612,2.112111585899341
[C][C][C][C][C][C][C][N][Ring1][=Branch1][C][=Branch1][C][=O][C][S][C][=N][C][=C][C][=C][Ring1][=Branch1][C][#N],CCC1CCCCN1C(=O)CSC2=NC=CC=C2C#N,0.7997682428921107,2.76737595133104,1.2314652631295133
[C][C][C][C][C][C][C][Branch1][#C][N][C][=Branch1][C][=O][C][C][C][C][C][C][O][Ring1][Branch1][C][C][Ring1][S],CCCC1CCC(NC(=O)CCC2CCCO2)CC1,0.800505061103635,2.6078851612970233,1.3946401442211513
[O][=C][Branch1][P][N][C][=C][C][=C][C][=Branch1][Ring2][=C][Ring1][=Branch1][C][O][C][Ring1][=Branch1][N][C][C][C][C][Ring1][Branch1][C][=N][C][=C][C][=C][C][=C][Ring1][=Branch1][NH1][Ring1][=Branch2],O=C(NC1=CC=C2C(=C1)COC2)N3CCCC3C4=NC5=CC=CC=C5[NH1]4,0.7362642006301995,2.830072420522878,0.8512485826281191
[C][C][=C][C][=C][C][=C][Ring1][=Branch1][C][N][C][=Branch1][C][=O][C][=C][C][=C][C][=C][Ring1][=Branch1][F],CC1=CC=CC=C1CNC(=O)C2=CC=CC=C2F,0.8815329027378745,1.4877204033674811,2.9199441103218913
[C][C][C][C][C][C][C][N][Ring1][=Branch1][C][=Branch1][C][=O][C][=C][C][=C][Branch1][=Branch2][N][C][C][C][C][Ring1][Branch1][=O][C][=C][Ring1][N],CCC1CCCCN1C(=O)C2=CC=C(N3CCCC3=O)C=C2,0.8597052739487241,2.4360681863478746,1.8624581833957459
[C][C][=C][C][=C][Branch2][Ring1][=N][C][=Branch1][C][=O][N][C][C][C][C][Branch1][#C][C][=N][O][C][Branch1][=Branch1][C][Branch1][C][C][C][=N][Ring1][Branch2][C][Ring1][=C][C][=C][Ring2][Ring1][=Branch1],CC1=CC=C(C(=O)N2CCCC(C3=NOC(C(C)C)=N3)C2)C=C1,0.8696188226869268,2.6309704178576894,1.7171236955769444
[C][C][=C][C][=C][Branch2][Ring1][=N][C][=Branch1][C][=O][N][C][C][C][C][Branch1][#C][C][=N][O][C][Branch1][=Branch1][C][Branch1][C][C][C][=N][Ring1][Branch2][C][Ring1][=C][C][=C][Ring2][Ring1][=Branch1],CC1=CC=C(C(=O)N2CCCC(C3=NOC(C(C)C)=N3)C2)C=C1,0.8696188226869268,2.6309704178576894,1.7171236955769444
[C][C][=C][C][=C][Branch2][Ring1][=N][C][=Branch1][C][=O][N][C][C][C][C][Branch1][#C][C][=N][O][C][Branch1][=Branch1][C][Branch1][C][C][C][=N][Ring1][Branch2][C][Ring1][=C][C][=C][Ring2][Ring1][=Branch1],CC1=CC=C(C(=O)N2CCCC(C3=NOC(C(C)C)=N3)C2)C=C1,0.8696188226869268,2.6309704178576894,1.7171236955769444
[C][C][C][C][C][C][N][Ring1][=Branch1][C][=Branch1][C][=O][C][=C][C][=C][Branch1][P][S][=Branch1][C][=O][=Branch1][C][=O][N][Branch1][C][C][C][Branch1][C][C][C][C][=C][Ring1][=C],CC1CCCCN1C(=O)C2=CC=C(S(=O)(=O)N(C)C(C)C)C=C2,0.8480224698308095,2.4864979307418285,1.7536144184122193
[C][C][C][C][C][C][N][Ring1][=Branch1][C][=Branch1][C][=O][C][=C][C][=C][C][Branch1][P][S][=Branch1][C][=O][=Branch1][C][=O][N][C][=C][C][=C][C][=C][Ring1][=Branch1][=C][Ring1][S],CC1CCCCN1C(=O)C2=CC=CC(S(=O)(=O)NC3=CC=CC=C3)=C2,0.9095018491792196,2.294269366684299,2.253239879211799
[C][C][=C][C][=C][Branch2][Ring1][=Branch1][C][=Branch1][C][=O][N][C][C][C][C][=C][C][Branch1][C][F][=C][C][=C][Ring1][#Branch1][Ring1][#Branch2][C][=Branch1][C][=O][NH1][Ring2][Ring1][Ring2],CC1=CC=C(C(=O)NC2CCC3=CC(F)=CC=C32)C(=O)[NH1]1,0.8890601376921574,2.7047873693176303,1.7405133191431563
[C][C][=C][C][=C][Branch2][Ring1][=N][C][=Branch1][C][=O][N][C][C][C][C][Branch1][#C][C][=N][O][C][Branch1][=Branch1][C][Branch1][C][C][C][=N][Ring1][Branch2][C][Ring1][=C][C][=Branch1][C][=O][NH1][Ring2][Ring1][#Branch1],CC1=CC=C(C(=O)N2CCCC(C3=NOC(C(C)C)=N3)C2)C(=O)[NH1]1,0.9312510310494647,3.0470782400069663,1.609176915240357
[C][C][C][C][C][C][C][Ring1][=Branch1][N][C][=Branch1][C][=O][C][C][C][C][N][Branch1][#Branch2][C][=Branch1][C][=O][C][C][C][Ring1][Ring1][C][C][Ring1][O],CC1CCCCC1NC(=O)CC2CCN(C(=O)C3CC3)CC2,0.8679633640875599,2.841955020049218,1.4978618003885815
[C][C][C][C][C][C][N][Ring1][=Branch1][C][=Branch1][C][=O][C][=C][C][=C][Branch1][C][Cl][C][=C][Ring1][#Branch1][N],CC1CCCCN1C(=O)C2=CC=C(Cl)C=C2N,0.7814813178524431,2.4128760357386394,1.4945305535235764
[C][C][C][C][C][C][N][C][=Branch1][C][=O][C][=C][C][=C][Branch1][C][F][C][=C][Ring1][#Branch1][N],CCCCCCNC(=O)C1=CC=C(F)C=C1N,0.5911015839918143,1.7758348306130607,1.1796730893460108
[C][C][=C][C][=C][Branch2][Ring1][=N][C][=Branch1][C][=O][N][C][C][C][C][Branch1][#C][C][=N][O][C][Branch1][=Branch1][C][Branch1][C][C][C][=N][Ring1][Branch2][C][Ring1][=C][C][=C][Ring2][Ring1][=Branch1],CC1=CC=C(C(=O)N2CCCC(C3=NOC(C(C)C)=N3)C2)C=C1,0.8696188226869268,2.6309704178576894,1.7171236955769444
[C][C][=C][C][=C][Branch2][Ring1][N][C][=Branch1][C][=O][N][C][C][C][Branch1][=C][N][C][=Branch1][C][=O][C][=C][C][=C][C][=C][Ring1][=Branch1][C][C][Ring1][#C][C][=C][Ring2][Ring1][#Branch1][C],CC1=CC=C(C(=O)N2CCC(NC(=O)C3=CC=CC=C3)CC2)C=C1C,0.9344422726831275,1.7220911061658093,2.9501202572498286
[C][C][C][C][C][C][N][Ring1][=Branch1][C][=Branch1][C][=O][C][C][C][C][N][Branch1][P][C][=Branch1][C][=O][C][=C][C][=C][Branch1][C][F][C][=C][Ring1][#Branch1][F][C][Ring1][S],CC1CCCCN1C(=O)C2CCCN(C(=O)C3=CC=C(F)C=C3F)C2,0.8216953887808169,2.8171055009533177,1.2913714429507674
[C][C][C][C][C][C][C][Ring1][=Branch1][O][C][C][N][C][=Branch1][C][=O][C][C][=C][C][=C][C][=C][Ring1][=Branch1],CC1CCCCC1OCCNC(=O)CC2=CC=CC=C2,0.8106472718805978,2.609000662669061,1.4442356967339283
[C][C][C][C][C][C][C][Ring1][=Branch1][C][N][C][=N][C][=C][C][=C][Ring1][=Branch1][Br],CC1CCCCC1CNC2=NC=CC=C2Br,0.9036357693865886,2.992945463488601,1.5252333834443421
[C][C][=C][C][=C][C][=C][Ring1][=Branch1][C][N][C][=Branch1][C][=O][C][C][C][=Branch1][C][=O][N][Branch1][#Branch2][C][C][Branch1][C][F][Branch1][C][F][F][C][Ring1][O],CC1=CC=CC=C1CNC(=O)C2CC(=O)N(CC(F)(F)F)C2,0.9242259996982849,2.6064325819522693,2.014697416539155
[C][C][O][C][=Branch1][C][=O][C][C][C][C][=Branch1][C][=O][C][=C][C][=C][Branch1][C][Br][C][=C][Ring1][#Branch1],CCOC(=O)CCCC(=O)C1=CC=C(Br)C=C1,0.5972982729828278,1.7301219009894915,1.2563694639246474
[C][C][C][C][C][C][C][Ring1][=Branch1][O][C][C][C][=C][C][=C][Branch1][C][N][N][=C][Ring1][#Branch1],CC1CCCCC1OCCC2=CC=C(N)N=C2,0.87109401374323,2.990207785392741,1.3652622833234096
[C][C][C][C][C][C][N][Ring1][=Branch1][C][=Branch1][C][=O][C][C][C][C][N][Branch1][P][C][=Branch1][C][=O][C][=C][C][=C][Branch1][C][F][C][=C][Ring1][#Branch1][F][C][Ring1][S],CC1CCCCN1C(=O)C2CCCN(C(=O)C3=CC=C(F)C=C3F)C2,0.8216953887808169,2.8171055009533177,1.2913714429507674
[C][C][=C][C][=C][Branch2][Ring1][=Branch1][C][=Branch1][C][=O][N][C][C][C][C][=C][C][Branch1][C][Cl][=C][C][=C][Ring1][#Branch1][Ring1][O][C][=C][Ring2][Ring1][Ring1],CC1=CC=C(C(=O)N2CCCC3=CC(Cl)=CC=C32)C=C1,0.7672483931151274,1.7762072933671451,2.060034672208492
[C][C][C][C][C][C][C][N][Ring1][=Branch1][C][=Branch1][C][=O][C][=C][C][=C][Branch1][C][O][C][Branch1][C][Cl][=C][Ring1][Branch2],CCC1CCCCN1C(=O)C2=CC=C(O)C(Cl)=C2,0.8915741426088518,2.404792650757427,2.053078062286832
[C][C][C][C][C][C][N][Ring1][=Branch1][C][=Branch1][C][=O][C][=C][C][=C][Branch1][Branch2][N][C][=C][N][=N][Ring1][Branch1][C][=C][Ring1][O],CC1CCCCN1C(=O)C2=CC=C(N3C=CN=N3)C=C2,0.8409100102148577,2.632207460475252,1.5723425905990362
[C][C][C][C][C][C][C][N][Ring1][=Branch1][C][=Branch1][C][=O][C][N][C][=Branch1][C][=O][C][=C][C][=C][Branch1][C][F][C][Branch1][C][F][=C][Ring1][Branch2],CCC1CCCCN1C(=O)CNC(=O)C2=CC=C(F)C(F)=C2,0.928646665496608,2.4397091519396596,2.2035241755433805
[C][C][C][C][C][C][N][Ring1][=Branch1][C][=Branch1][C][=O][C][=C][C][=C][Branch1][Branch2][N][C][=C][N][=C][Ring1][Branch1][C][=C][Ring1][O],CC1CCCCN1C(=O)C2=CC=C(N3C=CN=C3)C=C2,0.8404578181288127,2.482855205833344,1.7194338848107193
[C][C][=C][C][=C][C][=C][Ring1][=Branch1][C][N][C][=Branch1][C][=O][C][C][C][=Branch1][C][=O][N][Branch1][#Branch2][C][C][=C][C][=C][C][=N][Ring1][=Branch1][C][Ring1][=N],CC1=CC=CC=C1CNC(=O)C2CC(=O)N(CC3=CC=CC=N3)C2,0.9159237848068116,2.4747974133709167,2.1048215106631414
[C][C][=C][C][=C][Branch2][Ring1][=Branch1][C][=Branch1][C][=O][N][C][C][C][C][Ring1][Branch1][C][=Branch1][C][=O][N][C][C][C][Ring1][Ring1][C][=C][Ring2][Ring1][Ring1],CC1=CC=C(C(=O)N2CCCC2C(=O)NC3CC3)C=C1,0.9130241839412879,2.214930679497609,2.35019024020883
[C][C][C][C][C][C][C][Branch1][C][C][N][C][=Branch1][C][=O][C][=C][C][=C][Branch1][C][N][C][=C][Ring1][#Branch1],CCCCCCC(C)NC(=O)C1=CC=C(N)C=C1,0.5739954460014614,2.159053881526658,0.710923348480649
[C][C][C][C][N][Branch2][Ring1][#Branch2][C][=Branch1][C][=O][C][=C][C][=C][Branch1][N][C][=C][C][=C][Branch1][C][F][C][=C][Ring1][#Branch1][N][=C][Ring1][=N][C][C][Ring2][Ring1][Branch1],CC1CCN(C(=O)C2=CC=C(C3=CC=C(F)C=C3)N=C2)CC1,0.8455013824376819,1.854461818725218,2.3730450934631913
[C][C][=C][C][=C][Branch2][Ring1][=Branch1][C][=Branch1][C][=O][N][C][C][C][C][Branch1][Branch2][N][C][=N][C][=N][Ring1][Branch1][C][Ring1][O][C][=C][Ring2][Ring1][Ring1][C],CC1=CC=C(C(=O)N2CCCC(N3C=NC=N3)C2)C=C1C,0.8504370866092061,2.642498999043836,1.609686434002195
[C][C][C][C][C][C][N][Ring1][=Branch1][C][=Branch1][C][=O][C][=C][C][=C][Branch1][P][N][C][=Branch1][C][=O][C][=C][C][=C][Branch1][C][F][C][=C][Ring1][#Branch1][C][=C][Ring1][S],CC1CCCCN1C(=O)C2=CC=C(NC(=O)C3=CC=C(F)C=C3)C=C2,0.914655229794316,2.161291685210843,2.411984463760737
[C][C][=C][C][=C][Branch2][Ring1][=Branch1][C][=Branch1][C][=O][N][C][C][C][C][Ring1][Branch1][C][C][=C][Branch1][C][C][O][N][=Ring1][=Branch1][C][=C][Ring2][Ring1][Ring1],CC1=CC=C(C(=O)N2CCCC2C=3C=C(C)ON=3)C=C1,0.8410261961136621,2.5328561132743594,1.6722748672939511
[C][C][=C][C][=C][Branch2][Ring1][#Branch2][C][=Branch1][C][=O][N][C][C][C][Branch1][N][O][C][C][=C][C][=C][C][=C][Ring1][=Branch1][F][C][C][Ring1][#C][C][=N][Ring2][Ring1][#Branch1],CC1=CC=C(C(=O)N2CCC(OCC3=CC=CC=C3F)CC2)C=N1,0.8642409281473648,2.077569927735839,2.2436347130009846
[C][C][C][C][C][C][C][Ring1][=Branch1][N][C][=Branch1][C][=O][C][C][C][=C][C][=C][C][=C][Ring1][=Branch1][O],CC1CCCCC1NC(=O)CCC2=CC=CC=C2O,0.8749592581799028,2.631893757751742,1.742902533147772
[C][C][C][C][N][C][=Branch1][C][=O][C][C][C][C][N][Branch2][Ring1][Branch1][C][=Branch1][C][=O][C][=C][C][=C][C][Branch1][#Branch1][O][C][Branch1][C][F][F][=C][Ring1][#Branch2][C][Ring2][Ring1][C],CCCCNC(=O)C1CCCN(C(=O)C2=CC=CC(OC(F)F)=C2)C1,0.7658597583620375,2.4812771642388576,1.3480216275713297
[C][C][C][C][C][C][N][Ring1][=Branch1][C][=Branch1][C][=O][C][N][C][C][N][Branch1][N][C][=C][C][=C][Branch1][C][O][C][=C][Ring1][#Branch1][C][C][Ring1][=N],CC1CCCCN1C(=O)CN2CCN(C3=CC=C(O)C=C3)CC2,0.9250665408041052,2.4335421445924936,2.191790559428032
[C][C][C][C][N][C][=Branch1][C][=O][C][C][C][C][N][Branch1][P][C][=Branch1][C][=O][C][=C][C][=C][Branch1][C][F][C][=C][Ring1][#Branch1][F][C][Ring1][S],CCCCNC(=O)C1CCCN(C(=O)C2=CC=C(F)C=C2F)C1,0.8468155098793628,2.3739219304316546,1.8601556189651598
[C][C][C][C][C][C][C][Ring1][=Branch1][N][C][=Branch1][C][=O][C][C][C][C][C][C][O][Ring1][Branch1],CC1CCCCC1NC(=O)CCC2CCCO2,0.8187347295106271,3.0179989403197762,1.0756747072333592
[C][C][C][C][C][C][N][C][=Branch1][C][=O][N][C][=C][C][=C][C][=C][Ring1][=Branch1][Cl],CCCCCCNC(=O)NC1=CC=CC=C1Cl,0.7393363739472107,1.5836396587636337,2.11304221097242
[C][C][C][C][C][C][N][Ring1][=Branch1][C][=Branch1][C][=O][C][C][C][C][N][Branch1][P][C][=Branch1][C][=O][C][=C][C][=C][Branch1][C][F][C][=C][Ring1][#Branch1][F][C][Ring1][S],CC1CCCCN1C(=O)C2CCCN(C(=O)C3=CC=C(F)C=C3F)C2,0.8216953887808169,2.8171055009533177,1.2913714429507674
[C][C][C][C][C][C][N][Ring1][=Branch1][C][=Branch1][C][=O][C][C][C][C][N][Branch1][P][C][=Branch1][C][=O][C][=C][C][=C][Branch1][C][F][C][=C][Ring1][#Branch1][F][C][Ring1][S],CC1CCCCN1C(=O)C2CCCN(C(=O)C3=CC=C(F)C=C3F)C2,0.8216953887808169,2.8171055009533177,1.2913714429507674
[C][C][=C][C][=C][Branch2][Ring1][=N][C][=Branch1][C][=O][N][C][C][C][C][Branch1][#C][C][=N][O][C][Branch1][=Branch1][C][Branch1][C][C][C][=N][Ring1][Branch2][C][Ring1][=C][C][=C][Ring2][Ring1][=Branch1],CC1=CC=C(C(=O)N2CCCC(C3=NOC(C(C)C)=N3)C2)C=C1,0.8696188226869268,2.6309704178576894,1.7171236955769444
[C][C][=C][C][=C][Branch2][Ring1][=Branch1][C][=Branch1][C][=O][N][C][C][C][C][Ring1][Branch1][C][=Branch1][C][=O][N][C][C][C][Ring1][Ring1][O][Ring2][Ring1][C],CC1=CC=C(C(=O)N2CCCC2C(=O)NC3CC3)O1,0.8969057197150396,2.5544785746760965,1.9300500238991019
[C][C][=C][C][=C][Branch2][Ring1][=N][C][=Branch1][C][=O][N][C][C][C][C][Branch1][#C][C][=N][O][C][Branch1][=Branch1][C][Branch1][C][C][C][=N][Ring1][Branch2][C][Ring1][=C][C][=C][Ring2][Ring1][=Branch1],CC1=CC=C(C(=O)N2CCCC(C3=NOC(C(C)C)=N3)C2)C=C1,0.8696188226869268,2.6309704178576894,1.7171236955769444
[C][C][=C][C][=C][Branch2][Ring1][#Branch2][C][=Branch1][C][=O][N][C][C][C][C][Ring1][Branch1][C][=N][N][=C][N][Ring1][Branch1][C][C][C][C][C][Ring1][#Branch1][C][=C][Ring2][Ring1][#Branch1],CC1=CC=C(C(=O)N2CCCC2C3=NN=C4N3CCCCC4)C=C1,0.8515533087815922,2.6559690617225638,1.6017974821853969
[C][C][C][C][C][C][C][N][Ring1][=Branch1][C][=Branch1][C][=O][C][=C][C][=C][Branch1][C][O][C][Branch1][C][Cl][=C][Ring1][Branch2],CCC1CCCCN1C(=O)C2=CC=C(O)C(Cl)=C2,0.8915741426088518,2.404792650757427,2.053078062286832
[C][C][=C][C][=C][Branch2][Ring1][O][C][=Branch1][C][=O][N][C][C][C][Branch1][=N][C][=Branch1][C][=O][N][C][C][O][C][C][Ring1][=Branch1][C][C][Ring1][=C][C][=C][Ring2][Ring1][=Branch1],CC1=CC=C(C(=O)N2CCC(C(=O)N3CCOCC3)CC2)C=C1,0.8343996693339009,1.8350824303164899,2.336915916353014
[C][C][=C][C][=C][C][=C][Ring1][=Branch1][C][N][C][=Branch1][C][=O][C][C][C][=Branch1][C][=O][N][Branch1][#C][C][=C][C][Branch1][C][F][=C][C][Branch1][C][F][=C][Ring1][Branch2][C][Ring1][=C],CC1=CC=CC=C1CNC(=O)C2CC(=O)N(C3=CC(F)=CC(F)=C3)C2,0.9270697905915855,2.5178962851179794,2.117452667839948
[C][C][=Branch1][C][=O][N][C][C][C][=C][C][Branch1][C][Br][=C][C][=C][Ring1][#Branch1][Ring1][O],CC(=O)NCCC1=CC(Br)=CC=C1,0.863761274654649,1.6597935961626735,2.659012777110572
[C][C][C][C][C][N][C][=Branch1][C][=O][C][=C][C][=C][Branch1][C][Br][C][=C][Ring1][#Branch1],CCCCCNC(=O)C1=CC=C(Br)C=C1,0.816461314965866,1.4603155363863358,2.621991038442994
[C][C][C][C][C][C][N][Ring1][=Branch1][C][=Branch1][C][=O][C][=C][C][=C][Branch1][=N][N][C][=Branch1][C][=O][C][=C][C][=C][O][Ring1][Branch1][C][=C][Ring1][=C],CC1CCCCN1C(=O)C2=CC=C(NC(=O)C3=CC=CO3)C=C2,0.9424907113038384,2.327182704033053,2.3852708524861397
[C][C][C][N][C][=Branch1][C][=O][C][N][C][=C][C][=C][Branch1][C][C][C][=C][Ring1][#Branch1][Br],CCCNC(=O)CNC1=CC=C(C)C=C1Br,0.8729966030563561,1.8703582655581226,2.4946247497236573
[C][C][=C][C][=C][Branch2][Ring1][=Branch2][C][=Branch1][C][=O][N][C][C][C][C][Branch1][O][C][=Branch1][C][=O][N][C][Branch1][C][C][C][C][Ring1][N][C][Branch1][C][O][=C][Ring2][Ring1][Branch1],CC1=CC=C(C(=O)N2CCCC(C(=O)NC(C)C)C2)C(O)=C1,0.8979836968737369,2.4435533511830396,2.0463651331856454
[C][C][=C][C][=C][Branch2][Ring1][=Branch1][C][=Branch1][C][=O][N][C][C][C][C][=C][C][Branch1][C][Cl][=C][C][=C][Ring1][#Branch1][Ring1][O][C][=C][Ring2][Ring1][Ring1],CC1=CC=C(C(=O)N2CCCC3=CC(Cl)=CC=C32)C=C1,0.7672483931151274,1.7762072933671451,2.060034672208492
[C][C][=C][C][=C][Branch2][Ring1][=Branch1][C][=Branch1][C][=O][N][C][C][C][C][Branch1][Branch2][C][C][=N][NH1][C][=Ring1][Branch1][C][Ring1][O][C][=Branch1][C][=O][NH1][Ring2][Ring1][Ring2],CC1=CC=C(C(=O)N2CCCC(C=3C=N[NH1]C=3)C2)C(=O)[NH1]1,0.8757842411078383,3.10729592212076,1.2716252834184312
[C][C][=Branch1][C][=O][N][C][C][C][=C][C][=C][Branch1][C][Br][C][=C][Ring1][#Branch1][Ring1][#Branch2],CC(=O)N1CCC2=CC=C(Br)C=C21,0.6811943910423466,2.0129166730857495,1.3930552821259834
[C][C][C][C][C][C][N][Ring1][=Branch1][C][=Branch1][C][=O][C][C][C][C][N][Branch1][P][C][=Branch1][C][=O][C][=C][C][=C][Branch1][C][F][C][=C][Ring1][#Branch1][F][C][Ring1][S],CC1CCCCN1C(=O)C2CCCN(C(=O)C3=CC=C(F)C=C3F)C2,0.8216953887808169,2.8171055009533177,1.2913714429507674
[C][C][=C][C][=C][Branch2][Ring1][O][C][=Branch1][C][=O][N][C][C][C][Branch1][=N][C][=Branch1][C][=O][N][C][C][C][C][C][Ring1][=Branch1][C][C][Ring1][=C][C][=C][Ring2][Ring1][=Branch1],CC1=CC=C(C(=O)N2CCC(C(=O)N3CCCCC3)CC2)C=C1,0.8420044060055971,1.7548565561906173,2.4551654738373685
[C][O][C][=C][C][=C][Branch2][Ring1][C][C][=Branch1][C][=O][N][C][=C][C][=C][Branch1][C][C][C][=C][Ring1][#Branch1][C][C][=C][Ring1][P][O][C],COC1=CC=C(C(=O)NC2=CC=C(C)C=C2C)C=C1OC,0.9337817770795832,1.507704363137739,3.161204522260177
[C][O][C][C][N][C][=Branch1][C][=O][C][=C][C][=C][Branch1][C][Br][C][=C][Ring1][#Branch1],COCCNC(=O)C1=CC=C(Br)C=C1,0.8364692369893955,1.5169563253371088,2.665389859609869
[C][C][C][C][C][C][C][Ring1][=Branch1][N][C][=Branch1][C][=O][C][C][C][=Branch1][C][=O][N][Branch1][=Branch1][C][C][C][Ring1][Ring1][C][Ring1][=Branch2],CC1CCCCC1NC(=O)C2CC(=O)N(C3CC3)C2,0.8430676960877221,3.1148138662050346,1.100524614233576
[C][C][=C][C][=C][Branch2][Ring1][=Branch1][C][=Branch1][C][=O][N][C][C][C][C][Ring1][Branch1][C][=Branch1][C][=O][N][C][C][C][Ring1][Ring1][O][Ring2][Ring1][C],CC1=CC=C(C(=O)N2CCCC2C(=O)NC3CC3)O1,0.8969057197150396,2.5544785746760965,1.9300500238991019
[C][C][C][C][C][C][N][C][=Branch1][C][=O][C][=C][C][=C][Branch1][C][Br][C][=C][Ring1][#Branch1],CCCCCCNC(=O)C1=CC=C(Br)C=C1,0.7917071006890373,1.4969546291944855,2.461580874250701
[C][C][=C][C][=C][C][=C][Ring1][=Branch1][C][C][C][Ring1][Ring1][C][=Branch1][C][=O][N][C][C][C][Branch1][N][C][C][C][=N][N][Branch1][C][C][C][=Ring1][=Branch1][C][Ring1][N],CC1=CC=CC=C1C2CC2C(=O)N3CCC(CC=4C=NN(C)C=4)C3,0.8675255944458549,3.3214891130528166,1.0161388591764577
[C][C][=C][C][=C][Branch2][Ring1][=N][C][=Branch1][C][=O][N][C][C][C][C][Branch1][#C][C][=N][O][C][Branch1][=Branch1][C][Branch1][C][C][C][=N][Ring1][Branch2][C][Ring1][=C][C][=C][Ring2][Ring1][=Branch1],CC1=CC=C(C(=O)N2CCCC(C3=NOC(C(C)C)=N3)C2)C=C1,0.8696188226869268,2.6309704178576894,1.7171236955769444
[C][C][C][C][C][C][N][Ring1][=Branch1][C][=Branch1][C][=O][C][=C][C][=C][Branch1][Branch2][N][C][=C][N][=C][Ring1][Branch1][C][=C][Ring1][O],CC1CCCCN1C(=O)C2=CC=C(N3C=CN=C3)C=C2,0.8404578181288127,2.482855205833344,1.7194338848107193
[C][C][C][C][C][C][N][Ring1][=Branch1][C][=Branch1][C][=O][C][=C][C][=C][Branch1][Branch2][N][C][=C][N][=N][Ring1][Branch1][C][=C][Ring1][O],CC1CCCCN1C(=O)C2=CC=C(N3C=CN=N3)C=C2,0.8409100102148577,2.632207460475252,1.5723425905990362
[C][C][C][C][C][C][N][Ring1][=Branch1][C][=Branch1][C][=O][C][=C][C][=C][Branch1][Branch2][N][C][=C][N][=N][Ring1][Branch1][C][=C][Ring1][O],CC1CCCCN1C(=O)C2=CC=C(N3C=CN=N3)C=C2,0.8409100102148577,2.632207460475252,1.5723425905990362
[C][C][C][N][C][=Branch1][C][=O][C][C][N][C][=Branch1][C][=O][C][=C][C][=C][C][=C][Ring1][=Branch1][F],CCCNC(=O)CCNC(=O)C1=CC=CC=C1F,0.8051773703191303,1.628856964453453,2.3970298871421987
[C][C][=C][C][=C][Branch2][Ring1][=N][C][=Branch1][C][=O][N][C][C][C][C][Branch1][#C][C][=N][O][C][Branch1][=Branch1][C][Branch1][C][C][C][=N][Ring1][Branch2][C][Ring1][=C][C][=C][Ring2][Ring1][=Branch1],CC1=CC=C(C(=O)N2CCCC(C3=NOC(C(C)C)=N3)C2)C=C1,0.8696188226869268,2.6309704178576894,1.7171236955769444
[C][C][C][C][C][C][N][C][=Branch1][C][=O][C][=C][C][=C][Branch1][C][Br][C][=C][Ring1][#Branch1],CCCCCCNC(=O)C1=CC=C(Br)C=C1,0.7917071006890373,1.4969546291944855,2.461580874250701
[C][C][=C][C][=C][Branch2][Ring1][N][C][=Branch1][C][=O][N][C][C][C][Branch1][=C][C][=N][C][=C][C][=C][C][=C][Ring1][=Branch1][S][Ring1][=Branch2][C][C][Ring1][#C][C][=C][Ring2][Ring1][#Branch1],CC1=CC=C(C(=O)N2CCC(C3=NC4=CC=CC=C4S3)CC2)C=C1,0.6837165913431643,1.9110202765174922,1.5075626801983293
[C][C][C][C][C][C][C][N][Ring1][=Branch1][C][=Branch1][C][=O][C][C][C][=Branch1][C][=O][N][Branch1][C][C][C][Ring1][#Branch1][C][=C][C][=C][Branch1][C][F][C][=C][Ring1][#Branch1],CCC1CCCCN1C(=O)C2CC(=O)N(C)C2C3=CC=C(F)C=C3,0.8530896751732795,3.2507760296404467,1.014672346225951
[C][C][C][C][C][C][C][Ring1][=Branch1][N][C][=Branch1][C][=O][C][C][C][C][C][C][C][Ring1][=Branch1][O][Ring1][Branch1],CC1CCCCC1NC(=O)CC2CC3CCC2O3,0.8371142342636805,4.502032681578742,-0.3164615102603392
[C][C][=C][C][=C][C][Branch2][Ring1][Ring1][N][C][=Branch1][C][=O][C][C][=C][C][=C][C][Branch1][C][F][=C][Ring1][#Branch1][F][=N][Ring2][Ring1][C],CC1=CC=CC(NC(=O)CC2=CC=CC(F)=C2F)=N1,0.9237348938533178,1.9820056924359832,2.6366687768306054
[C][C][C][C][C][C][C][Ring1][=Branch1][N][C][=Branch1][C][=O][C][C][C][C][N][Branch1][#Branch2][C][=Branch1][C][=O][C][C][C][Ring1][Ring1][C][Ring1][O],CC1CCCCC1NC(=O)C2CCCN(C(=O)C3CC3)C2,0.8676764081718163,2.9840166462343802,1.3543653946247014
[C][C][C][C][C][C][C][Ring1][=Branch1][N][C][=Branch1][C][=O][C][N][C][=N][C][=C][Branch1][N][O][C][=C][C][=C][C][=C][Ring1][=Branch1][Ring1][=Branch2][C][Ring1][=N][=O],CC1CCCCC1NC(=O)CN2C=NC3=C(OC4=CC=CC=C43)C2=O,0.7958544469041552,2.9994460504038685,0.9798261841169076
[C][C][C][C][C][C][N][Ring1][=Branch1][C][=Branch1][C][=O][C][N][C][=Branch1][C][=O][C][=C][C][=C][Branch1][C][F][C][=C][Ring1][#Branch1],CC1CCCCN1C(=O)CNC(=O)C2=CC=C(F)C=C2,0.9185007019188832,2.234948261915193,2.3575552476792234
[C][C][C][C][C][C][N][Ring1][=Branch1][C][=Branch1][C][=O][C][=C][C][=C][Branch1][N][N][C][C][C][S][Ring1][Branch1][=Branch1][C][=O][=O][C][=C][Ring1][=N],CC1CCCCN1C(=O)C2=CC=C(N3CCCS3(=O)=O)C=C2,0.8388767583487576,2.698442805277331,1.495940986466457
[C][C][=C][C][=C][Branch2][Ring1][=Branch1][C][=Branch1][C][=O][N][C][C][C][C][Branch1][Branch2][N][C][=N][C][=N][Ring1][Branch1][C][Ring1][O][C][=C][Ring2][Ring1][Ring1][C],CC1=CC=C(C(=O)N2CCCC(N3C=NC=N3)C2)C=C1C,0.8504370866092061,2.642498999043836,1.609686434002195
[C][O][C][=C][C][=C][Branch2][Ring1][#Branch2][C][C][N][C][=Branch1][C][=O][C][C][=C][Branch1][C][C][N][Branch1][=Branch1][C][C][C][Ring1][Ring1][C][=Ring1][=Branch2][C][C][=C][Ring2][Ring1][Branch1],COC1=CC=C(CCNC(=O)C=2C=C(C)N(C3CC3)C=2C)C=C1,0.88791544341524,1.9279130902815265,2.511664126794673
[C][C][C][C][C][C][C][Ring1][=Branch1][N][C][=Branch1][C][=O][C][C][C][=Branch1][C][=O][N][Branch1][=Branch1][C][Branch1][C][C][C][C][Ring1][=Branch2],CC1CCCCC1NC(=O)C2CC(=O)N(C(C)C)C2,0.8483891586313488,3.1571935469016967,1.0847522462550474
[C][C][=C][C][=C][Branch2][Ring1][=Branch1][C][=Branch1][C][=O][N][C][C][C][C][Ring1][Branch1][C][=Branch1][C][=O][N][C][C][C][Ring1][Ring1][C][=C][Ring2][Ring1][Ring1],CC1=CC=C(C(=O)N2CCCC2C(=O)NC3CC3)C=C1,0.9130241839412879,2.214930679497609,2.35019024020883
[C][C][C][C][C][C][C][Ring1][=Branch1][N][C][=Branch1][C][=O][C][C][C][=Branch1][C][=O][N][Branch1][=Branch2][C][C][=C][C][=C][O][Ring1][Branch1][C][Ring1][N],CC1CCCCC1NC(=O)C2CC(=O)N(CC3=CC=CO3)C2,0.9283003550499792,3.1607448836408594,1.4807568916090368
[C][C][C][C][C][C][N][Ring1][=Branch1][C][=Branch1][C][=O][C][=C][C][=C][Branch1][P][S][=Branch1][C][=O][=Branch1][C][=O][N][Branch1][C][C][C][Branch1][C][C][C][C][=C][Ring1][=C],CC1CCCCN1C(=O)C2=CC=C(S(=O)(=O)N(C)C(C)C)C=C2,0.8480224698308095,2.4864979307418285,1.7536144184122193
[C][C][C][C][C][C][C][N][Ring1][=Branch1][C][=Branch1][C][=O][C][C][C][=Branch1][C][=O][N][Branch1][#C][C][=C][C][Branch1][C][C][=C][C][Branch1][C][C][=C][Ring1][Branch2][C][Ring1][=C],CCC1CCCCN1C(=O)C2CC(=O)N(C3=CC(C)=CC(C)=C3)C2,0.8525372192157825,2.922859937390607,1.3398261586883056
[C][C][C][C][C][C][C][Ring1][=Branch1][N][C][=Branch1][C][=O][C][C][C][C][N][Branch1][#Branch2][C][=Branch1][C][=O][C][C][C][Ring1][Ring1][C][Ring1][O],CC1CCCCC1NC(=O)C2CCCN(C(=O)C3CC3)C2,0.8676764081718163,2.9840166462343802,1.3543653946247014
[C][C][=C][C][=C][Branch2][Ring1][=Branch1][C][=Branch1][C][=O][N][C][C][C][C][Branch1][Branch2][N][C][=N][C][=N][Ring1][Branch1][C][Ring1][O][C][=C][Ring2][Ring1][Ring1][C],CC1=CC=C(C(=O)N2CCCC(N3C=NC=N3)C2)C=C1C,0.8504370866092061,2.642498999043836,1.609686434002195
[C][C][C][C][C][C][C][Ring1][=Branch1][N][C][=Branch1][C][=O][C][C][C][=Branch1][C][=O][N][Branch1][#C][C][=C][C][Branch1][C][F][=C][C][Branch1][C][F][=C][Ring1][Branch2][C][Ring1][=C],CC1CCCCC1NC(=O)C2CC(=O)N(C3=CC(F)=CC(F)=C3)C2,0.922349472194965,3.150166155932064,1.4615812050427603
[C][C][=C][C][=C][Branch2][Ring1][=Branch1][C][=Branch1][C][=O][N][C][C][C][C][=C][Branch1][C][F][C][=C][C][=C][Ring1][#Branch1][Ring1][#Branch2][C][=C][Ring2][Ring1][Ring1],CC1=CC=C(C(=O)NC2CCC3=C(F)C=CC=C32)C=C1,0.8871575427568253,2.298982429063832,2.1368052847202943
[C][C][=C][C][=C][Branch2][Ring1][Ring2][C][=Branch1][C][=O][N][C][C][C][C][Ring1][Branch1][C][=C][C][=C][C][=C][Ring1][=Branch1][C][=N][Ring2][Ring1][Ring1],CC1=CC=C(C(=O)N2CCCC2C3=CC=CC=C3)C=N1,0.8346527703489921,2.2792976461516457,1.8939662055933146
[C][C][=C][C][=C][Branch2][Ring1][=Branch1][C][=Branch1][C][=O][N][C][C][C][C][Branch1][Branch2][C][C][C][C][C][Ring1][=Branch1][C][Ring1][O][C][=C][Ring2][Ring1][Ring1],CC1=CC=C(C(=O)N2CCCC3(CCCCC3)C2)C=C1,0.7499986885886715,2.455609317239178,1.2943841257041795
[C][C][C][C][C][C][C][Ring1][=Branch1][N][C][=Branch1][C][=O][C][S][C][=N][C][=C][C][=C][Ring1][=Branch1][C][#N],CC1CCCCC1NC(=O)CSC2=NC=CC=C2C#N,0.8655404494630577,2.967608382898014,1.3600938644172746
[C][C][=C][C][=C][Branch2][Ring1][=Branch1][C][=Branch1][C][=O][N][C][C][C][C][=C][C][Branch1][C][Cl][=C][C][=C][Ring1][#Branch1][Ring1][O][C][=Branch1][C][=O][NH1][Ring2][Ring1][Ring2],CC1=CC=C(C(=O)N2CCCC3=CC(Cl)=CC=C32)C(=O)[NH1]1,0.8803399404079811,2.2620866452040076,2.1396130568358984
[C][C][=C][C][=C][Branch2][Ring1][=Branch1][C][=Branch1][C][=O][N][C][C][C][C][Ring1][Branch1][C][=Branch1][C][=O][N][C][C][C][Ring1][Ring1][O][Ring2][Ring1][C],CC1=CC=C(C(=O)N2CCCC2C(=O)NC3CC3)O1,0.8969057197150396,2.5544785746760965,1.9300500238991019
[C][C][=C][C][=C][Branch2][Ring1][=N][C][=Branch1][C][=O][N][C][C][C][C][Branch1][#C][C][=N][O][C][Branch1][=Branch1][C][Branch1][C][C][C][=N][Ring1][Branch2][C][Ring1][=C][C][=C][Ring2][Ring1][=Branch1],CC1=CC=C(C(=O)N2CCCC(C3=NOC(C(C)C)=N3)C2)C=C1,0.8696188226869268,2.6309704178576894,1.7171236955769444
[C][C][C][C][C][C][N][C][=Branch1][C][=O][C][=C][C][=C][Branch1][C][F][C][=C][Ring1][#Branch1][N],CCCCCCNC(=O)C1=CC=C(F)C=C1N,0.5911015839918143,1.7758348306130607,1.1796730893460108
[C][C][=C][C][=C][Branch2][Ring1][=N][C][=Branch1][C][=O][N][C][C][C][C][Branch1][#C][C][=N][O][C][Branch1][=Branch1][C][Branch1][C][C][C][=N][Ring1][Branch2][C][Ring1][=C][C][=C][Ring2][Ring1][=Branch1],CC1=CC=C(C(=O)N2CCCC(C3=NOC(C(C)C)=N3)C2)C=C1,0.8696188226869268,2.6309704178576894,1.7171236955769444
[C][C][=C][C][=C][C][=C][Ring1][=Branch1][C][N][C][=Branch1][C][=O][C][C][C][C][N][Branch1][#C][C][=Branch1][C][=O][C][=C][C][Branch1][C][C][=N][NH1][Ring1][=Branch1][C][Ring1][#C],CC1=CC=CC=C1CNC(=O)CCCCN(C(=O)C2=CC(C)=N[NH1]2)C,0.7239040975582408,2.3973813460667532,1.2221391417244507
[C][C][=C][C][=C][C][=C][Ring1][=Branch1][C][N][C][=Branch1][C][=O][C][C][C][=Branch1][C][=O][N][Branch1][#C][C][=C][C][Branch1][C][F][=C][C][Branch1][C][F][=C][Ring1][Branch2][C][Ring1][=C],CC1=CC=CC=C1CNC(=O)C2CC(=O)N(C3=CC(F)=CC(F)=C3)C2,0.9270697905915855,2.5178962851179794,2.117452667839948
[C][C][C][C][C][C][C][Ring1][=Branch1][N][C][=Branch1][C][=O][C][C][C][=Branch1][C][=O][N][Branch1][=Branch1][C][Branch1][C][C][C][C][Ring1][=Branch2],CC1CCCCC1NC(=O)C2CC(=O)N(C(C)C)C2,0.8483891586313488,3.1571935469016967,1.0847522462550474
[C][C][=C][C][=C][Branch2][Ring1][O][C][=Branch1][C][=O][N][C][C][C][Branch1][=N][C][=Branch1][C][=O][N][C][C][O][C][C][Ring1][=Branch1][C][C][Ring1][=C][C][=C][Ring2][Ring1][=Branch1],CC1=CC=C(C(=O)N2CCC(C(=O)N3CCOCC3)CC2)C=C1,0.8343996693339009,1.8350824303164899,2.336915916353014
[O][=C][Branch1][P][N][C][=C][C][=C][C][=Branch1][Ring2][=C][Ring1][=Branch1][C][O][C][Ring1][=Branch1][N][C][C][C][C][Branch1][N][C][=Branch1][C][=O][N][C][C][C][C][Ring1][Branch1][C][Ring1][=N],O=C(NC1=CC=C2C(=C1)COC2)N3CCCC(C(=O)N4CCCC4)C3,0.8977049238494219,2.7358864461897845,1.752638173057325
[C][C][C][C][C][C][C][N][Ring1][=Branch1][C][=Branch1][C][=O][C][=C][C][=C][Branch1][C][O][C][Branch1][C][Cl][=C][Ring1][Branch2],CCC1CCCCN1C(=O)C2=CC=C(O)C(Cl)=C2,0.8915741426088518,2.404792650757427,2.053078062286832
[C][C][C][C][C][N][Branch2][Ring1][#Branch2][C][=Branch1][C][=O][C][=C][C][=C][Branch1][N][N][C][C][C][Branch1][C][C][C][C][Ring1][#Branch1][N][=C][Ring1][=N][C][C][Ring2][Ring1][Branch1],CCC1CCN(C(=O)C2=CC=C(N3CCC(C)CC3)N=C2)CC1,0.8552039076002026,2.108621591155652,2.1673979468453615
[C][C][=C][C][=C][C][=C][Ring1][=Branch1][C][N][C][=Branch1][C][=O][C][C][C][=Branch1][C][=O][N][Branch1][#Branch2][C][C][Branch1][C][F][Branch1][C][F][F][C][Ring1][O],CC1=CC=CC=C1CNC(=O)C2CC(=O)N(CC(F)(F)F)C2,0.9242259996982849,2.6064325819522693,2.014697416539155
[C][C][C][C][C][C][C][Branch1][#C][N][C][=Branch1][C][=O][N][C][C][C][C][C][O][Ring1][Branch1][C][C][Ring1][S],CCCC1CCC(NC(=O)NCC2CCCO2)CC1,0.8052753419197143,2.6046703361221972,1.4217063734763737
[C][C][C][C][C][C][N][Ring1][=Branch1][C][=Branch1][C][=O][C][=C][C][=C][Branch1][C][Cl][C][=C][Ring1][#Branch1][N],CC1CCCCN1C(=O)C2=CC=C(Cl)C=C2N,0.7814813178524431,2.4128760357386394,1.4945305535235764
[C][C][C][C][C][C][C][Ring1][=Branch1][N][C][=Branch1][C][=O][C][C][C][C][N][Branch1][#Branch2][C][=Branch1][C][=O][C][C][C][Ring1][Ring1][C][Ring1][O],CC1CCCCC1NC(=O)C2CCCN(C(=O)C3CC3)C2,0.8676764081718163,2.9840166462343802,1.3543653946247014
[C][C][C][C][C][C][N][C][=Branch1][C][=O][C][=C][C][=C][Branch1][C][F][C][=C][Ring1][#Branch1][N],CCCCCCNC(=O)C1=CC=C(F)C=C1N,0.5911015839918143,1.7758348306130607,1.1796730893460108
[C][C][C][C][C][C][N][Branch2][Ring1][N][C][=Branch1][C][=O][C][C][C][=Branch1][C][=O][N][Branch1][N][C][=C][C][=C][Branch1][C][C][C][=C][Ring1][#Branch1][C][Ring1][=N][C][Ring2][Ring1][=Branch1],CC1CCCCN(C(=O)C2CC(=O)N(C3=CC=C(C)C=C3)C2)C1,0.8417748685212953,2.706724468857864,1.5021498737486123
[C][C][C][C][C][C][N][Ring1][=Branch1][C][=Branch1][C][=O][C][=C][C][=C][Branch1][P][S][=Branch1][C][=O][=Branch1][C][=O][N][Branch1][C][C][C][Branch1][C][C][C][C][=C][Ring1][=C],CC1CCCCN1C(=O)C2=CC=C(S(=O)(=O)N(C)C(C)C)C=C2,0.8480224698308095,2.4864979307418285,1.7536144184122193
[C][C][=C][C][=C][Branch2][Ring1][Branch1][C][=Branch1][C][=O][N][C][C][C][C][C][Ring1][=Branch1][C][N][C][=C][C][=N][Ring1][Branch1][C][=N][Ring2][Ring1][Ring2],CC1=CC=C(C(=O)N2CCCCC2CN3C=CC=N3)C=N1,0.8685753490239392,2.728043790973219,1.6148329541464772
[C][C][=C][C][=C][C][=C][Ring1][=Branch1][C][N][C][=Branch1][C][=O][C][=C][C][=C][Branch1][C][N][C][=C][Ring1][#Branch1][Cl],CC1=CC=CC=C1CNC(=O)C2=CC=C(N)C=C2Cl,0.8449465583496268,1.7234013382995528,2.5013314534485813
[O][=C][Branch1][P][N][C][=C][C][=C][C][=Branch1][Ring2][=C][Ring1][=Branch1][C][O][C][Ring1][=Branch1][N][C][C][C][C][Ring1][Branch1][C][=N][O][C][Branch1][=Branch1][C][C][C][Ring1][Ring1][=N][Ring1][Branch2],O=C(NC1=CC=C2C(=C1)COC2)N3CCCC3C4=NOC(C5CC5)=N4,0.9266210892138247,3.1034752765375178,1.5296301695316057
[C][C][=C][C][=C][C][Branch2][Ring1][=N][C][=Branch1][C][=O][N][C][C][C][C][Branch1][#C][C][=N][O][C][Branch1][=Branch1][C][Branch1][C][C][C][=N][Ring1][Branch2][C][Ring1][=C][=C][Ring2][Ring1][=Branch1],CC1=CC=CC(C(=O)N2CCCC(C3=NOC(C(C)C)=N3)C2)=C1,0.8696188226869269,2.684998110165383,1.6630960032692519
[C][C][C][C][C][C][N][Ring1][=Branch1][C][=Branch1][C][=O][C][=C][C][=C][Branch1][P][N][C][=Branch1][C][=O][C][=C][C][=C][Branch1][C][F][C][=C][Ring1][#Branch1][C][=C][Ring1][S],CC1CCCCN1C(=O)C2=CC=C(NC(=O)C3=CC=C(F)C=C3)C=C2,0.914655229794316,2.161291685210843,2.411984463760737
[C][C][=C][C][=C][Branch2][Ring1][Branch2][C][=Branch1][C][=O][N][C][C][C][Branch1][#Branch2][O][C][=C][C][=C][C][=C][Ring1][=Branch1][C][C][Ring1][=N][C][=C][Ring2][Ring1][Branch1],CC1=CC=C(C(=O)N2CCC(OC3=CC=CC=C3)CC2)C=C1,0.864229726762445,1.679385136032911,2.641763497779314
[C][C][=C][C][=C][Branch2][Ring1][=C][C][=Branch1][C][=O][N][C][C][C][Branch1][S][C][=Branch1][C][=O][N][C][C][C][C][Branch1][C][C][C][Ring1][#Branch1][C][C][Ring1][#C][C][=C][Ring2][Ring1][#Branch1],CC1=CC=C(C(=O)N2CCC(C(=O)N3CCCC(C)C3)CC2)C=C1,0.8368272761994737,2.3104489970813216,1.8736873839160468
[C][C][=C][C][=C][Branch2][Ring1][#Branch2][C][=Branch1][C][=O][N][C][C][C][Branch1][N][O][C][C][=C][C][=C][C][=C][Ring1][=Branch1][F][C][C][Ring1][#C][C][=C][Ring2][Ring1][#Branch1],CC1=CC=C(C(=O)N2CCC(OCC3=CC=CC=C3F)CC2)C=C1,0.8506590921451681,1.8677083892743003,2.38558707145154
[C][C][=C][C][=C][C][=C][Ring1][=Branch1][C][N][C][=Branch1][C][=O][C][C][C][C][N][Ring1][Branch1][C][=Branch1][C][=O][C][=C][C][=C][O][Ring1][Branch1],CC1=CC=CC=C1CNC(=O)C2CCCN2C(=O)C3=CC=CO3,0.9432985360915718,2.4233652215155708,2.293127458942288
[C][C][C][C][C][C][C][C][Ring1][=Branch1][O][C][=Branch1][C][=O][C][=C][C][=C][C][=C][Ring1][=Branch1][O],CCC1CCCCC1OC(=O)C2=CC=CC=C2O,0.832421376119685,2.7611018691784164,1.4010050114200086
[C][C][=C][C][=C][Branch2][Ring1][#Branch2][C][=Branch1][C][=O][N][C][C][C][Branch1][N][O][C][C][=C][C][=C][C][=C][Ring1][=Branch1][F][C][C][Ring1][#C][C][=C][Ring2][Ring1][#Branch1],CC1=CC=C(C(=O)N2CCC(OCC3=CC=CC=C3F)CC2)C=C1,0.8506590921451681,1.8677083892743003,2.38558707145154
[C][C][=C][C][=C][C][Branch2][Ring1][Ring1][N][C][=Branch1][C][=O][C][C][=C][C][=C][C][Branch1][C][F][=C][Ring1][#Branch1][F][=N][Ring2][Ring1][C],CC1=CC=CC(NC(=O)CC2=CC=CC(F)=C2F)=N1,0.9237348938533178,1.9820056924359832,2.6366687768306054
[C][C][=C][C][=C][Branch2][Ring1][=N][C][=Branch1][C][=O][N][C][C][C][C][Branch1][#C][C][=N][O][C][Branch1][=Branch1][C][Branch1][C][C][C][=N][Ring1][Branch2][C][Ring1][=C][C][=C][Ring2][Ring1][=Branch1],CC1=CC=C(C(=O)N2CCCC(C3=NOC(C(C)C)=N3)C2)C=C1,0.8696188226869268,2.6309704178576894,1.7171236955769444
[C][C][C][C][C][C][C][N][Ring1][=Branch1][C][=Branch1][C][=O][C][C][C][=Branch1][C][=O][N][Branch1][#C][C][=C][C][Branch1][C][C][=C][C][Branch1][C][C][=C][Ring1][Branch2][C][Ring1][=C],CCC1CCCCN1C(=O)C2CC(=O)N(C3=CC(C)=CC(C)=C3)C2,0.8525372192157825,2.922859937390607,1.3398261586883056
[C][C][C][C][C][C][C][Ring1][=Branch1][O][C][C][C][=Branch1][C][=O][N][C][=C][C][=C][C][=C][Ring1][=Branch1][C][#N],CC1CCCCC1OCCC(=O)NC2=CC=CC=C2C#N,0.900968481438161,2.8439576654286256,1.660884741762179
[C][C][C][C][C][C][N][Ring1][=Branch1][C][=Branch1][C][=O][C][C][C][C][N][Branch1][P][C][=Branch1][C][=O][C][=C][C][=C][Branch1][C][F][C][=C][Ring1][#Branch1][F][C][Ring1][S],CC1CCCCN1C(=O)C2CCCN(C(=O)C3=CC=C(F)C=C3F)C2,0.8216953887808169,2.8171055009533177,1.2913714429507674
[C][C][=C][C][=C][Branch2][Ring1][N][C][=Branch1][C][=O][N][C][C][C][Branch1][=C][C][=N][C][=C][C][=C][C][=C][Ring1][=Branch1][S][Ring1][=Branch2][C][C][Ring1][#C][C][=C][Ring2][Ring1][#Branch1],CC1=CC=C(C(=O)N2CCC(C3=NC4=CC=CC=C4S3)CC2)C=C1,0.6837165913431643,1.9110202765174922,1.5075626801983293
[C][C][=C][C][=C][C][=C][Ring1][=Branch1][C][N][C][=Branch1][C][=O][C][C][C][=Branch1][C][=O][N][Branch1][#Branch2][C][C][Branch1][C][F][Branch1][C][F][F][C][Ring1][O],CC1=CC=CC=C1CNC(=O)C2CC(=O)N(CC(F)(F)F)C2,0.9242259996982849,2.6064325819522693,2.014697416539155
[C][C][C][C][C][C][N][Ring1][=Branch1][C][=Branch1][C][=O][C][C][C][C][N][Branch1][P][C][=Branch1][C][=O][C][=C][C][=C][Branch1][C][F][C][=C][Ring1][#Branch1][F][C][Ring1][S],CC1CCCCN1C(=O)C2CCCN(C(=O)C3=CC=C(F)C=C3F)C2,0.8216953887808169,2.8171055009533177,1.2913714429507674
[C][C][=C][C][=C][Branch2][Ring1][=Branch1][C][=Branch1][C][=O][N][C][C][C][C][=C][Branch1][C][F][C][=C][C][=C][Ring1][#Branch1][Ring1][#Branch2][C][=C][Ring2][Ring1][Ring1],CC1=CC=C(C(=O)NC2CCC3=C(F)C=CC=C32)C=C1,0.8871575427568253,2.298982429063832,2.1368052847202943
[C][C][=C][C][=C][Branch2][Ring1][=Branch1][C][=Branch1][C][=O][N][C][C][C][C][Branch1][Branch2][N][C][=N][C][=N][Ring1][Branch1][C][Ring1][O][S][Ring2][Ring1][C],CC1=CC=C(C(=O)N2CCCC(N3C=NC=N3)C2)S1,0.8439855115581925,2.9278219445138074,1.2921056132771547
[C][C][C][C][C][C][N][Ring1][=Branch1][C][=Branch1][C][=O][C][=C][C][=C][Branch1][Branch2][N][C][=C][N][=N][Ring1][Branch1][C][=C][Ring1][O],CC1CCCCN1C(=O)C2=CC=C(N3C=CN=N3)C=C2,0.8409100102148577,2.632207460475252,1.5723425905990362
[C][C][C][C][C][C][C][Ring1][=Branch1][O][C][C][C][=Branch1][C][=O][N][C][C][N][C][=Branch1][C][=O][C][C][Ring1][Branch2],CC1CCCCC1OCCC(=O)N2CCNC(=O)CC2,0.8458013160069879,3.1185217432219012,1.110484836813038
[C][C][C][C][N][Branch2][Ring1][S][C][=Branch1][C][=O][C][=C][C][=C][C][=Branch1][Ring2][=C][Ring1][=Branch1][C][C][Branch1][=Branch2][C][=C][C][=C][C][=C][Ring1][=Branch1][O][C][Ring1][=N][=O][C][C][Ring2][Ring1][=Branch2],CC1CCN(C(=O)C2=CC=C3C(=C2)CC(C4=CC=CC=C4)OC3=O)CC1,0.7696920279609623,2.6043817911522513,1.2440783486525602
[C][C][C][C][C][C][C][N][Ring1][=Branch1][C][=Branch1][C][=O][C][=C][C][=C][Branch1][C][O][C][Branch1][C][Cl][=C][Ring1][Branch2],CCC1CCCCN1C(=O)C2=CC=C(O)C(Cl)=C2,0.8915741426088518,2.404792650757427,2.053078062286832
[C][C][=C][C][=C][C][=C][Ring1][=Branch1][C][N][C][=Branch1][C][=O][C][C][C][=Branch1][C][=O][N][Branch1][N][C][=C][C][=C][Branch1][C][C][C][=C][Ring1][#Branch1][C][Ring1][=N][=O],CC1=CC=CC=C1CNC(=O)C2CC(=O)N(C3=CC=C(C)C=C3)C2=O,0.6889806579676505,2.547711010392705,0.8971922794455476
[C][C][=C][C][=C][Branch2][Ring1][=N][C][=Branch1][C][=O][N][C][C][C][C][Branch1][#C][C][=N][O][C][Branch1][=Branch1][C][Branch1][C][C][C][=N][Ring1][Branch2][C][Ring1][=C][C][=C][Ring2][Ring1][=Branch1],CC1=CC=C(C(=O)N2CCCC(C3=NOC(C(C)C)=N3)C2)C=C1,0.8696188226869268,2.6309704178576894,1.7171236955769444
[C][C][=C][C][=C][Branch2][Ring1][=Branch1][C][=Branch1][C][=O][N][C][C][C][C][=C][C][Branch1][C][F][=C][C][=C][Ring1][#Branch1][Ring1][#Branch2][C][=Branch1][C][=O][NH1][Ring2][Ring1][Ring2],CC1=CC=C(C(=O)NC2CCC3=CC(F)=CC=C32)C(=O)[NH1]1,0.8890601376921574,2.7047873693176303,1.7405133191431563
[C][C][C][C][C][C][C][Ring1][=Branch1][N][C][=Branch1][C][=O][C][C][C][=Branch1][C][=O][N][Branch1][#Branch2][C][C][Branch1][C][F][Branch1][C][F][F][C][Ring1][O],CC1CCCCC1NC(=O)C2CC(=O)N(CC(F)(F)F)C2,0.8678064358486455,3.2918238513397124,1.0472083279035154
[C][C][C][C][C][C][C][Branch1][#C][N][C][=Branch1][C][=O][N][C][C][C][C][C][O][Ring1][Branch1][C][Ring1][S],CCC1CCCC(NC(=O)NCC2CCCO2)C1,0.8092739777205162,3.120661804517022,0.9257080840855592
[C][C][C][C][C][C][N][Ring1][=Branch1][C][=Branch1][C][=O][C][=C][C][=C][Branch1][P][S][=Branch1][C][=O][=Branch1][C][=O][N][Branch1][C][C][C][Branch1][C][C][C][C][=C][Ring1][=C],CC1CCCCN1C(=O)C2=CC=C(S(=O)(=O)N(C)C(C)C)C=C2,0.8480224698308095,2.4864979307418285,1.7536144184122193
[C][C][C][C][C][C][C][N][Ring1][=Branch1][C][=Branch1][C][=O][C][=C][C][=C][Branch1][C][O][C][Branch1][C][Cl][=C][Ring1][Branch2],CCC1CCCCN1C(=O)C2=CC=C(O)C(Cl)=C2,0.8915741426088518,2.404792650757427,2.053078062286832
[C][C][C][C][C][C][N][Ring1][=Branch1][C][=Branch1][C][=O][C][=C][C][=C][Branch1][Branch2][N][C][=C][C][=N][Ring1][Branch1][C][=C][Ring1][O],CC1CCCCN1C(=O)C2=CC=C(N3C=CC=N3)C=C2,0.8404578181288127,2.4190793437643787,1.7832097468796846
[C][C][C][C][C][C][N][Ring1][=Branch1][C][=Branch1][C][=O][C][C][C][=Branch1][C][=O][N][Branch1][P][C][=C][C][=C][C][=Branch1][Ring2][=C][Ring1][=Branch1][O][C][C][O][Ring1][#Branch1][C][Ring1][S],CC1CCCCN1C(=O)C2CC(=O)N(C3=CC=C4C(=C3)OCCO4)C2,0.8253203260799095,2.9846133580961745,1.1419882723033732
[C][C][=C][C][=C][C][Branch2][Ring1][#Branch2][C][=Branch1][C][=O][N][C][C][C][Branch1][N][O][C][C][=C][C][=C][C][=C][Ring1][=Branch1][F][C][C][Ring1][#C][=N][Ring2][Ring1][#Branch1],CC1=CC=CC(C(=O)N2CCC(OCC3=CC=CC=C3F)CC2)=N1,0.8642409281473648,2.114173941113764,2.2070306996230595
[C][C][=C][C][=C][C][=C][Ring1][=Branch1][C][N][C][=Branch1][C][=O][C][=C][C][=C][C][=C][Ring1][=Branch1][F],CC1=CC=CC=C1CNC(=O)C2=CC=CC=C2F,0.8815329027378745,1.4877204033674811,2.9199441103218913
[C][C][=C][C][=C][Branch2][Ring1][=N][C][=Branch1][C][=O][N][C][C][C][C][Branch1][#C][C][=N][O][C][Branch1][=Branch1][C][Branch1][C][C][C][=N][Ring1][Branch2][C][Ring1][=C][C][=C][Ring2][Ring1][=Branch1],CC1=CC=C(C(=O)N2CCCC(C3=NOC(C(C)C)=N3)C2)C=C1,0.8696188226869268,2.6309704178576894,1.7171236955769444
[C][C][=C][C][=C][Branch2][Ring1][#Branch2][C][=Branch1][C][=O][N][C][C][C][C][Ring1][Branch1][C][=N][N][=C][N][Ring1][Branch1][C][C][C][C][C][Ring1][#Branch1][C][=C][Ring2][Ring1][#Branch1],CC1=CC=C(C(=O)N2CCCC2C3=NN=C4N3CCCCC4)C=C1,0.8515533087815922,2.6559690617225638,1.6017974821853969
[C][C][C][C][C][C][N][Ring1][=Branch1][C][=Branch1][C][=O][C][=C][C][=C][Branch1][Branch2][N][C][=C][N][=N][Ring1][Branch1][C][=C][Ring1][O],CC1CCCCN1C(=O)C2=CC=C(N3C=CN=N3)C=C2,0.8409100102148577,2.632207460475252,1.5723425905990362
[C][C][=C][C][=C][C][=C][Ring1][=Branch1][C][N][C][=Branch1][C][=O][C][C][C][C][N][Branch1][#C][C][=Branch1][C][=O][C][=C][C][Branch1][C][Cl][=C][NH1][Ring1][=Branch1][C][Ring1][=C],CC1=CC=CC=C1CNC(=O)C2CCCN(C(=O)C3=CC(Cl)=C[NH1]3)C2,0.8802860568777225,2.649193093661548,1.7522371907270644
[C][C][C][C][C][C][C][Ring1][=Branch1][N][C][=Branch1][C][=O][C][C][C][N][C][=Branch1][C][=O][C][=C][C][=C][S][Ring1][Branch1],CC1CCCCC1NC(=O)CCCNC(=O)C2=CC=CS2,0.7938548403300327,2.753639203890165,1.2156349977599987
[C][C][C][C][C][C][C][N][Ring1][=Branch1][C][=Branch1][C][=O][C][=C][C][=C][Branch1][Branch2][N][C][=C][N][=N][Ring1][Branch1][C][=C][Ring1][O],CCC1CCCCN1C(=O)C2=CC=C(N3C=CN=N3)C=C2,0.8703896761372181,2.6699194530160923,1.6820289276699985
[C][C][=C][C][=C][Branch2][Ring1][N][C][=Branch1][C][=O][N][C][C][C][Branch1][=C][C][=N][C][=C][C][=C][C][=C][Ring1][=Branch1][S][Ring1][=Branch2][C][C][Ring1][#C][C][=C][Ring2][Ring1][#Branch1],CC1=CC=C(C(=O)N2CCC(C3=NC4=CC=CC=C4S3)CC2)C=C1,0.6837165913431643,1.9110202765174922,1.5075626801983293
[C][C][=C][C][=C][C][=C][Ring1][=Branch1][C][N][C][=Branch1][C][=O][C][C][C][C][N][Branch1][#Branch2][C][=Branch1][C][=O][C][C][C][Ring1][Ring1][C][Ring1][O],CC1=CC=CC=C1CNC(=O)C2CCCN(C(=O)C3CC3)C2,0.9270219602811494,2.323100373515544,2.312009427890203
[C][C][C][C][C][C][C][Ring1][=Branch1][N][C][=Branch1][C][=O][C][C][C][=Branch1][C][=O][N][Branch1][#Branch2][C][C][Branch1][C][F][Branch1][C][F][F][C][Ring1][O],CC1CCCCC1NC(=O)C2CC(=O)N(CC(F)(F)F)C2,0.8678064358486455,3.2918238513397124,1.0472083279035154
[C][C][=C][C][=C][Branch2][Ring1][Branch2][C][=Branch1][C][=O][N][C][C][C][Branch1][#Branch2][O][C][=C][C][=C][C][=C][Ring1][=Branch1][C][C][Ring1][=N][C][=C][Ring2][Ring1][Branch1],CC1=CC=C(C(=O)N2CCC(OC3=CC=CC=C3)CC2)C=C1,0.864229726762445,1.679385136032911,2.641763497779314
[C][C][=C][C][=C][Branch2][Ring1][=Branch2][C][=Branch1][C][=O][N][C][C][C][C][Ring1][Branch1][C][=N][C][=C][C][=C][C][=C][Ring1][=Branch1][NH1][Ring1][=Branch2][S][Ring2][Ring1][Branch1],CC1=CC=C(C(=O)N2CCCC2C3=NC4=CC=CC=C4[NH1]3)S1,0.7797936419217448,2.6586483031061157,1.2403199065026085
[C][C][=C][C][=C][Branch2][Ring1][=N][C][=Branch1][C][=O][N][C][C][C][C][Branch1][#C][C][=N][O][C][Branch1][=Branch1][C][Branch1][C][C][C][=N][Ring1][Branch2][C][Ring1][=C][C][=C][Ring2][Ring1][=Branch1],CC1=CC=C(C(=O)N2CCCC(C3=NOC(C(C)C)=N3)C2)C=C1,0.8696188226869268,2.6309704178576894,1.7171236955769444
[C][C][=C][C][=C][C][=C][Ring1][=Branch1][C][N][C][=Branch1][C][=O][C][=C][C][=C][C][=C][Ring1][=Branch1][N],CC1=CC=CC=C1CNC(=O)C2=CC=CC=C2N,0.8098262835893456,1.5911484576661223,2.4579829602806056
[C][C][C][C][C][C][C][Ring1][=Branch1][N][C][=Branch1][C][=O][C][C][C][=Branch1][C][=O][N][Branch1][=Branch1][C][C][C][Ring1][Ring1][C][Ring1][=Branch2],CC1CCCCC1NC(=O)C2CC(=O)N(C3CC3)C2,0.8430676960877221,3.1148138662050346,1.100524614233576
[C][C][=C][C][=C][Branch2][Ring1][=Branch1][C][=Branch1][C][=O][N][C][C][C][C][Ring1][Branch1][C][=Branch1][C][=O][N][C][C][C][Ring1][Ring1][S][Ring2][Ring1][C],CC1=CC=C(C(=O)N2CCCC2C(=O)NC3CC3)S1,0.9183149412248003,2.573735178449681,2.0178395276743206
[C][C][=C][C][=C][C][=C][Ring1][=Branch1][C][N][C][=Branch1][C][=O][C][C][=C][C][=Branch1][C][=O][N][Branch1][C][C][N][=Ring1][Branch2],CC1=CC=CC=C1CNC(=O)C=2C=CC(=O)N(C)N=2,0.892466272850904,1.9163984355419323,2.5459329287125874
[C][C][C][C][C][C][C][Ring1][=Branch1][N][C][=Branch1][C][=O][C][C][C][C][C][C][C][Ring1][=Branch1][O][Ring1][Branch1],CC1CCCCC1NC(=O)CC2CC3CCC2O3,0.8371142342636805,4.502032681578742,-0.3164615102603392
[C][C][=C][C][=C][Branch2][Ring1][=N][C][=Branch1][C][=O][N][C][C][C][C][Branch1][#C][C][=N][O][C][Branch1][=Branch1][C][Branch1][C][C][C][=N][Ring1][Branch2][C][Ring1][=C][C][=C][Ring2][Ring1][=Branch1],CC1=CC=C(C(=O)N2CCCC(C3=NOC(C(C)C)=N3)C2)C=C1,0.8696188226869268,2.6309704178576894,1.7171236955769444
[C][C][=C][C][=C][Branch2][Ring1][=Branch2][C][=Branch1][C][=O][N][C][C][C][C][Ring1][Branch1][C][=N][N][=C][C][=C][C][=C][N][Ring1][=Branch2][Ring1][=Branch1][C][=C][Ring2][Ring1][=Branch1],CC1=CC=C(C(=O)N2CCCC2C3=NN=C4C=CC=CN34)C=C1,0.7310493000539983,2.554550076958634,1.1006964233113572
[O][C][=C][C][=C][Branch2][Ring1][Branch1][C][N][C][C][C][=C][C][Branch1][C][F][=C][C][Branch1][C][F][=C][Ring1][Branch2][Ring1][N][C][=C][Ring2][Ring1][Ring1],O1C=CC=C(C2NCCC3=CC(F)=CC(F)=C32)C=C1,0.8382122371913374,3.92843816829003,0.2626230176666571
[C][C][C][C][C][C][C][N][Ring1][=Branch1][C][=Branch1][C][=O][C][=C][C][=C][Branch1][Branch2][N][C][=C][N][=N][Ring1][Branch1][C][=C][Ring1][O],CCC1CCCCN1C(=O)C2=CC=C(N3C=CN=N3)C=C2,0.8703896761372181,2.6699194530160923,1.6820289276699985
[C][C][=C][C][=C][Branch2][Ring1][=N][C][=Branch1][C][=O][N][C][C][C][C][Branch1][#C][C][=N][O][C][Branch1][=Branch1][C][Branch1][C][C][C][=N][Ring1][Branch2][C][Ring1][=C][C][=C][Ring2][Ring1][=Branch1],CC1=CC=C(C(=O)N2CCCC(C3=NOC(C(C)C)=N3)C2)C=C1,0.8696188226869268,2.6309704178576894,1.7171236955769444
